pair id,benchmark,benchmark id,solver,solver id,configuration,configuration id,status,cpu time,wallclock time,memory usage,result,certification-result,certification-time,output-size
381918624,S-TRS Outermost certified-2018-07-14 11:00:02.1536 UTC/TRS_Outermost/Mixed_outermost/even.xml,5157769,AProVE,20177,certified,302125,complete,3.186079976,1.52945590019,1.98864896E8,NO,CERTIFIED,0.0,3493
381918627,S-TRS Outermost certified-2018-07-14 11:00:02.1536 UTC/TRS_Outermost/Mixed_outermost/ex3.xml,5157770,AProVE,20177,certified,302125,complete,2.962532909,1.49868798256,1.93568768E8,MAYBE,-,-,-
381918630,S-TRS Outermost certified-2018-07-14 11:00:02.1536 UTC/TRS_Outermost/Mixed_outermost/patterns1.xml,5157771,AProVE,20177,certified,302125,complete,3.11182055,1.5163860321,1.9351552E8,MAYBE,-,-,-
381918633,S-TRS Outermost certified-2018-07-14 11:00:02.1536 UTC/TRS_Outermost/Mixed_outermost/gfb.xml,5157772,AProVE,20177,certified,302125,complete,2.993171105,1.50705194473,1.91991808E8,MAYBE,-,-,-
381918636,S-TRS Outermost certified-2018-07-14 11:00:02.1536 UTC/TRS_Outermost/Mixed_outermost/ex5.xml,5157773,AProVE,20177,certified,302125,complete,3.224518501,1.51024198532,1.98619136E8,MAYBE,-,-,-
381918639,S-TRS Outermost certified-2018-07-14 11:00:02.1536 UTC/TRS_Outermost/Mixed_outermost/ex6.xml,5157774,AProVE,20177,certified,302125,complete,356.455343854,291.472553968,1.22022912E10,MAYBE,-,-,-
381918642,S-TRS Outermost certified-2018-07-14 11:00:02.1536 UTC/TRS_Outermost/Mixed_outermost/ex1.xml,5157775,AProVE,20177,certified,302125,complete,3.12913098,1.56990909576,1.74194688E8,MAYBE,-,-,-
381918645,S-TRS Outermost certified-2018-07-14 11:00:02.1536 UTC/TRS_Outermost/Mixed_outermost/afbg.xml,5157776,AProVE,20177,certified,302125,complete,3.214327217,1.4986641407,1.97128192E8,MAYBE,-,-,-
381918648,S-TRS Outermost certified-2018-07-14 11:00:02.1536 UTC/TRS_Outermost/Mixed_outermost/non-lin1.xml,5157777,AProVE,20177,certified,302125,run script error,0.0,0.0,0.0,--,-,-,-
381918651,S-TRS Outermost certified-2018-07-14 11:00:02.1536 UTC/TRS_Outermost/Mixed_outermost/odd.xml,5157778,AProVE,20177,certified,302125,complete,3.380881736,1.58849215508,2.0211712E8,MAYBE,-,-,-
381918654,S-TRS Outermost certified-2018-07-14 11:00:02.1536 UTC/TRS_Outermost/Mixed_outermost/patterns2.xml,5157779,AProVE,20177,certified,302125,complete,3.178468048,1.50760912895,1.96521984E8,MAYBE,-,-,-
381918657,S-TRS Outermost certified-2018-07-14 11:00:02.1536 UTC/TRS_Outermost/Mixed_outermost/ex2.xml,5157780,AProVE,20177,certified,302125,complete,3.204048725,1.58359909058,1.78978816E8,MAYBE,-,-,-
381918660,S-TRS Outermost certified-2018-07-14 11:00:02.1536 UTC/TRS_Outermost/Mixed_outermost/ex4.xml,5157781,AProVE,20177,certified,302125,complete,3.170806329,1.49663877487,1.95936256E8,MAYBE,-,-,-
381918663,S-TRS Outermost certified-2018-07-14 11:00:02.1536 UTC/TRS_Outermost/Mixed_outermost/non-lin2.xml,5157782,AProVE,20177,certified,302125,complete,4.808598964,2.1045191288,3.46411008E8,MAYBE,-,-,-
381918666,S-TRS Outermost certified-2018-07-14 11:00:02.1536 UTC/TRS_Outermost/Mixed_outermost/non-lin3.xml,5157783,AProVE,20177,certified,302125,complete,6.503647175,2.63199877739,6.32889344E8,MAYBE,-,-,-
381918625,S-TRS Outermost certified-2018-07-14 11:00:02.1536 UTC/TRS_Outermost/Zantema_08/assoc_f_rhs.xml,5157998,AProVE,20177,certified,302125,complete,344.528932062,292.39302206,1.0866991104E10,MAYBE,-,-,-
381918628,S-TRS Outermost certified-2018-07-14 11:00:02.1536 UTC/TRS_Outermost/Zantema_08/g_2_f_var.xml,5157999,AProVE,20177,certified,302125,run script error,0.0,0.0,0.0,--,-,-,-
381918631,S-TRS Outermost certified-2018-07-14 11:00:02.1536 UTC/TRS_Outermost/Zantema_08/ex7.xml,5158000,AProVE,20177,certified,302125,complete,3.117996555,1.52878189087,1.98930432E8,MAYBE,-,-,-
381918634,S-TRS Outermost certified-2018-07-14 11:00:02.1536 UTC/TRS_Outermost/Zantema_08/fg.xml,5158001,AProVE,20177,certified,302125,complete,3.253358465,1.52225017548,1.97894144E8,MAYBE,-,-,-
381918637,S-TRS Outermost certified-2018-07-14 11:00:02.1536 UTC/TRS_Outermost/Zantema_08/cariboo_nl_3.xml,5158002,AProVE,20177,certified,302125,complete,3.365738201,1.58676695824,2.0498432E8,MAYBE,-,-,-
381918640,S-TRS Outermost certified-2018-07-14 11:00:02.1536 UTC/TRS_Outermost/Zantema_08/ex8.xml,5158003,AProVE,20177,certified,302125,complete,5.606463055,2.37374711037,5.68672256E8,MAYBE,-,-,-
381918643,S-TRS Outermost certified-2018-07-14 11:00:02.1536 UTC/TRS_Outermost/Zantema_08/toyama_out.xml,5158004,AProVE,20177,certified,302125,complete,3.127303269,1.52114605904,2.00052736E8,NO,CERTIFIED,0.0,3602
381918646,S-TRS Outermost certified-2018-07-14 11:00:02.1536 UTC/TRS_Outermost/Zantema_08/from_one.xml,5158005,AProVE,20177,certified,302125,complete,293.833515849,291.435287952,5.1032064E9,MAYBE,-,-,-
381918649,S-TRS Outermost certified-2018-07-14 11:00:02.1536 UTC/TRS_Outermost/Zantema_08/ex3.xml,5158006,AProVE,20177,certified,302125,complete,26.098796363,16.6490981579,4.122537984E9,MAYBE,-,-,-
381918652,S-TRS Outermost certified-2018-07-14 11:00:02.1536 UTC/TRS_Outermost/Zantema_08/cariboo_len3.xml,5158007,AProVE,20177,certified,302125,complete,3.114026037,1.51304888725,1.9572736E8,MAYBE,-,-,-
381918655,S-TRS Outermost certified-2018-07-14 11:00:02.1536 UTC/TRS_Outermost/Zantema_08/f_2_1.xml,5158008,AProVE,20177,certified,302125,complete,3.332732591,1.54758191109,2.03481088E8,MAYBE,-,-,-
381918658,S-TRS Outermost certified-2018-07-14 11:00:02.1536 UTC/TRS_Outermost/Zantema_08/f_5_1.xml,5158009,AProVE,20177,certified,302125,run script error,0.0,0.0,0.0,--,-,-,-
381918661,S-TRS Outermost certified-2018-07-14 11:00:02.1536 UTC/TRS_Outermost/Zantema_08/yoyo_3.xml,5158010,AProVE,20177,certified,302125,complete,10.351159672,4.97342801094,2.0104192E9,MAYBE,-,-,-
381918664,S-TRS Outermost certified-2018-07-14 11:00:02.1536 UTC/TRS_Outermost/Zantema_08/cariboo_nl_6.xml,5158011,AProVE,20177,certified,302125,run script error,0.0,0.0,0.0,--,-,-,-
381918667,S-TRS Outermost certified-2018-07-14 11:00:02.1536 UTC/TRS_Outermost/Zantema_08/cariboo_add1.xml,5158012,AProVE,20177,certified,302125,complete,3.208499085,1.5307161808,1.94297856E8,MAYBE,-,-,-
381918669,S-TRS Outermost certified-2018-07-14 11:00:02.1536 UTC/TRS_Outermost/Zantema_08/f_2_2.xml,5158013,AProVE,20177,certified,302125,complete,3.615983314,1.7035150528,1.96616192E8,MAYBE,-,-,-
381918671,S-TRS Outermost certified-2018-07-14 11:00:02.1536 UTC/TRS_Outermost/Zantema_08/cariboo_nl_5.xml,5158014,AProVE,20177,certified,302125,complete,3.070544857,1.49519705772,1.99409664E8,MAYBE,-,-,-
381918673,S-TRS Outermost certified-2018-07-14 11:00:02.1536 UTC/TRS_Outermost/Zantema_08/from_three.xml,5158015,AProVE,20177,certified,302125,complete,294.353411909,291.893275023,5.097795584E9,MAYBE,-,-,-
381918675,S-TRS Outermost certified-2018-07-14 11:00:02.1536 UTC/TRS_Outermost/Zantema_08/countter.xml,5158016,AProVE,20177,certified,302125,complete,7.077015063,3.02523899078,1.199292416E9,MAYBE,-,-,-
381918677,S-TRS Outermost certified-2018-07-14 11:00:02.1536 UTC/TRS_Outermost/Zantema_08/morse.xml,5158017,AProVE,20177,certified,302125,complete,345.09906927,293.532006979,1.081624576E10,MAYBE,-,-,-
381918679,S-TRS Outermost certified-2018-07-14 11:00:02.1536 UTC/TRS_Outermost/Zantema_08/ex5.xml,5158018,AProVE,20177,certified,302125,complete,37.468690881,25.5715827942,4.843536384E9,MAYBE,-,-,-
381918681,S-TRS Outermost certified-2018-07-14 11:00:02.1536 UTC/TRS_Outermost/Zantema_08/dupl_rhs.xml,5158019,AProVE,20177,certified,302125,complete,11.401385006,6.52221918106,2.857201664E9,MAYBE,-,-,-
381918683,S-TRS Outermost certified-2018-07-14 11:00:02.1536 UTC/TRS_Outermost/Zantema_08/countbin.xml,5158020,AProVE,20177,certified,302125,complete,4.592716059,2.0193798542,3.17587456E8,MAYBE,-,-,-
381918685,S-TRS Outermost certified-2018-07-14 11:00:02.1536 UTC/TRS_Outermost/Zantema_08/ex0.xml,5158021,AProVE,20177,certified,302125,complete,3.670373892,1.70114588737,1.9816448E8,MAYBE,-,-,-
381918687,S-TRS Outermost certified-2018-07-14 11:00:02.1536 UTC/TRS_Outermost/Zantema_08/ex6.xml,5158022,AProVE,20177,certified,302125,complete,3.219151424,1.51144504547,1.98049792E8,MAYBE,-,-,-
381918689,S-TRS Outermost certified-2018-07-14 11:00:02.1536 UTC/TRS_Outermost/Zantema_08/ex1.xml,5158023,AProVE,20177,certified,302125,complete,9.946221854,5.00983786583,2.059431936E9,MAYBE,-,-,-
381918691,S-TRS Outermost certified-2018-07-14 11:00:02.1536 UTC/TRS_Outermost/Zantema_08/bintree.xml,5158024,AProVE,20177,certified,302125,complete,3.167110523,1.5015938282,1.96964352E8,MAYBE,-,-,-
381918693,S-TRS Outermost certified-2018-07-14 11:00:02.1536 UTC/TRS_Outermost/Zantema_08/cariboo_nl_4.xml,5158025,AProVE,20177,certified,302125,complete,3.529505251,1.59778499603,2.11402752E8,MAYBE,-,-,-
381918695,S-TRS Outermost certified-2018-07-14 11:00:02.1536 UTC/TRS_Outermost/Zantema_08/ffb_SL.xml,5158026,AProVE,20177,certified,302125,complete,3.182135762,1.51505899429,2.0031488E8,MAYBE,-,-,-
381918697,S-TRS Outermost certified-2018-07-14 11:00:02.1536 UTC/TRS_Outermost/Zantema_08/assoc_c_rhs.xml,5158027,AProVE,20177,certified,302125,complete,16.855009969,9.17339611053,3.987410944E9,MAYBE,-,-,-
381918699,S-TRS Outermost certified-2018-07-14 11:00:02.1536 UTC/TRS_Outermost/Zantema_08/cariboo_add3.xml,5158028,AProVE,20177,certified,302125,timeout (wallclock),540.056028843,301.008945942,1.5247654912E10,MAYBE,-,-,-
381918701,S-TRS Outermost certified-2018-07-14 11:00:02.1536 UTC/TRS_Outermost/Zantema_08/outermost_gr.xml,5158029,AProVE,20177,certified,302125,complete,3.205074346,1.60368609428,1.79986432E8,NO,CERTIFIED,0.0,2562
381918703,S-TRS Outermost certified-2018-07-14 11:00:02.1536 UTC/TRS_Outermost/Zantema_08/ffg.xml,5158030,AProVE,20177,certified,302125,complete,3.353953303,1.65087294579,1.85716736E8,MAYBE,-,-,-
381918705,S-TRS Outermost certified-2018-07-14 11:00:02.1536 UTC/TRS_Outermost/Zantema_08/yoyo_2.xml,5158031,AProVE,20177,certified,302125,complete,10.565994562,4.22857904434,2.049593344E9,MAYBE,-,-,-
381918707,S-TRS Outermost certified-2018-07-14 11:00:02.1536 UTC/TRS_Outermost/Zantema_08/cariboo_add2a.xml,5158032,AProVE,20177,certified,302125,complete,6.012587702,3.17058205605,6.4385024E8,MAYBE,-,-,-
381918709,S-TRS Outermost certified-2018-07-14 11:00:02.1536 UTC/TRS_Outermost/Zantema_08/cariboo_nl_1.xml,5158033,AProVE,20177,certified,302125,complete,3.211718351,1.54654598236,1.9744768E8,MAYBE,-,-,-
381918711,S-TRS Outermost certified-2018-07-14 11:00:02.1536 UTC/TRS_Outermost/Zantema_08/f_5.xml,5158034,AProVE,20177,certified,302125,complete,3.190282561,1.56894898415,1.78999296E8,MAYBE,-,-,-
381918713,S-TRS Outermost certified-2018-07-14 11:00:02.1536 UTC/TRS_Outermost/Zantema_08/toyama_stop2.xml,5158035,AProVE,20177,certified,302125,complete,334.280889255,292.350622892,9.22529792E9,MAYBE,-,-,-
381918715,S-TRS Outermost certified-2018-07-14 11:00:02.1536 UTC/TRS_Outermost/Zantema_08/toyama_stop.xml,5158036,AProVE,20177,certified,302125,complete,5.138756473,2.12562298775,3.3110016E8,MAYBE,-,-,-
381918717,S-TRS Outermost certified-2018-07-14 11:00:02.1536 UTC/TRS_Outermost/Zantema_08/ex9.xml,5158037,AProVE,20177,certified,302125,complete,3.557222651,1.63218593597,2.33807872E8,MAYBE,-,-,-
381918719,S-TRS Outermost certified-2018-07-14 11:00:02.1536 UTC/TRS_Outermost/Zantema_08/yoyo_3b.xml,5158038,AProVE,20177,certified,302125,complete,365.634753087,291.977087021,1.4014803968E10,MAYBE,-,-,-
381918721,S-TRS Outermost certified-2018-07-14 11:00:02.1536 UTC/TRS_Outermost/Zantema_08/inn_out.xml,5158039,AProVE,20177,certified,302125,complete,3.1315839,1.50603985786,1.96009984E8,NO,CERTIFIED,0.0,2093
381918723,S-TRS Outermost certified-2018-07-14 11:00:02.1536 UTC/TRS_Outermost/Zantema_08/ex2.xml,5158040,AProVE,20177,certified,302125,complete,3.175392221,1.50350522995,2.00810496E8,MAYBE,-,-,-
381918725,S-TRS Outermost certified-2018-07-14 11:00:02.1536 UTC/TRS_Outermost/Zantema_08/from_one_a.xml,5158041,AProVE,20177,certified,302125,complete,293.805286668,291.475793123,5.103898624E9,MAYBE,-,-,-
381918727,S-TRS Outermost certified-2018-07-14 11:00:02.1536 UTC/TRS_Outermost/Zantema_08/g_2_const.xml,5158042,AProVE,20177,certified,302125,complete,3.16996,1.52236294746,1.9601408E8,MAYBE,-,-,-
381918729,S-TRS Outermost certified-2018-07-14 11:00:02.1536 UTC/TRS_Outermost/Zantema_08/yoyo_3a.xml,5158043,AProVE,20177,certified,302125,complete,9.067918727,4.03617405891,1.399898112E9,MAYBE,-,-,-
381918731,S-TRS Outermost certified-2018-07-14 11:00:02.1536 UTC/TRS_Outermost/Zantema_08/f_5_2.xml,5158044,AProVE,20177,certified,302125,complete,3.470310113,1.57278490067,2.1211136E8,MAYBE,-,-,-
381918733,S-TRS Outermost certified-2018-07-14 11:00:02.1536 UTC/TRS_Outermost/Zantema_08/cariboo_add2.xml,5158045,AProVE,20177,certified,302125,complete,3.017301325,1.50488710403,1.95805184E8,MAYBE,-,-,-
381918735,S-TRS Outermost certified-2018-07-14 11:00:02.1536 UTC/TRS_Outermost/Zantema_08/ex4.xml,5158046,AProVE,20177,certified,302125,complete,3.533586816,1.63814592361,2.19631616E8,MAYBE,-,-,-
381918737,S-TRS Outermost certified-2018-07-14 11:00:02.1536 UTC/TRS_Outermost/Zantema_08/cariboo_nl_2.xml,5158047,AProVE,20177,certified,302125,complete,3.151016074,1.53900814056,1.97513216E8,MAYBE,-,-,-
381918626,S-TRS Outermost certified-2018-07-14 11:00:02.1536 UTC/TRS_Outermost/Strategy_outermost_added_08/OvConsOS_complete_L.xml,5157784,AProVE,20177,certified,302125,complete,3.265638279,1.5531270504,1.96222976E8,NO,CERTIFIED,0.0,8061
381918629,S-TRS Outermost certified-2018-07-14 11:00:02.1536 UTC/TRS_Outermost/Strategy_outermost_added_08/OvConsOS_nosorts_GM.xml,5157785,AProVE,20177,certified,302125,complete,512.425616034,296.493231058,1.51232512E10,MAYBE,-,-,-
381918632,S-TRS Outermost certified-2018-07-14 11:00:02.1536 UTC/TRS_Outermost/Strategy_outermost_added_08/nonTermF.xml,5157786,AProVE,20177,certified,302125,complete,4.109793287,1.75173211098,2.7686912E8,NO,CERTIFIED,0.0,7416
381918635,S-TRS Outermost certified-2018-07-14 11:00:02.1536 UTC/TRS_Outermost/Strategy_outermost_added_08/Ex8_BLR02.xml,5157787,AProVE,20177,certified,302125,complete,3.194270105,1.50568199158,1.94830336E8,NO,CERTIFIED,0.0,3526
381918638,S-TRS Outermost certified-2018-07-14 11:00:02.1536 UTC/TRS_Outermost/Strategy_outermost_added_08/Ex4_4_Luc96b.xml,5157788,AProVE,20177,certified,302125,complete,3.118052765,1.52143883705,1.97279744E8,NO,CERTIFIED,0.0,2067
381918641,S-TRS Outermost certified-2018-07-14 11:00:02.1536 UTC/TRS_Outermost/Strategy_outermost_added_08/#4.4.xml,5157789,AProVE,20177,certified,302125,complete,3.078356359,1.58823609352,1.96800512E8,NO,CERTIFIED,0.0,3333
381918644,S-TRS Outermost certified-2018-07-14 11:00:02.1536 UTC/TRS_Outermost/Strategy_outermost_added_08/Ex4_7_77_Bor03.xml,5157790,AProVE,20177,certified,302125,complete,3.075532552,1.49523186684,1.96530176E8,NO,CERTIFIED,0.0,1825
381918647,S-TRS Outermost certified-2018-07-14 11:00:02.1536 UTC/TRS_Outermost/Strategy_outermost_added_08/Ex24_Luc06_GM.xml,5157791,AProVE,20177,certified,302125,complete,28.808050971,22.8440110683,4.165410816E9,MAYBE,-,-,-
381918650,S-TRS Outermost certified-2018-07-14 11:00:02.1536 UTC/TRS_Outermost/Strategy_outermost_added_08/jwno4.xml,5157792,AProVE,20177,certified,302125,complete,3.136898813,1.54360198975,1.97292032E8,NO,CERTIFIED,0.0,6336
381918653,S-TRS Outermost certified-2018-07-14 11:00:02.1536 UTC/TRS_Outermost/Strategy_outermost_added_08/#4.18.xml,5157793,AProVE,20177,certified,302125,complete,3.118393538,1.50784277916,2.00159232E8,NO,CERTIFIED,0.0,3995
381918656,S-TRS Outermost certified-2018-07-14 11:00:02.1536 UTC/TRS_Outermost/Strategy_outermost_added_08/OvConsOS_nokinds-noand_Z.xml,5157794,AProVE,20177,certified,302125,timeout (wallclock),709.527260525,301.00791502,1.5650349056E10,MAYBE,-,-,-
381918659,S-TRS Outermost certified-2018-07-14 11:00:02.1536 UTC/TRS_Outermost/Strategy_outermost_added_08/#4.13.xml,5157795,AProVE,20177,certified,302125,run script error,0.0,0.0,0.0,--,-,-,-
381918662,S-TRS Outermost certified-2018-07-14 11:00:02.1536 UTC/TRS_Outermost/Strategy_outermost_added_08/Ex24_GM04_GM.xml,5157796,AProVE,20177,certified,302125,timeout (wallclock),609.393530096,301.029334068,1.5645106176E10,MAYBE,-,-,-
381918665,S-TRS Outermost certified-2018-07-14 11:00:02.1536 UTC/TRS_Outermost/Strategy_outermost_added_08/nonterm.xml,5157797,AProVE,20177,certified,302125,complete,4.539684699,1.91502594948,3.97135872E8,MAYBE,-,-,-
381918668,S-TRS Outermost certified-2018-07-14 11:00:02.1536 UTC/TRS_Outermost/Strategy_outermost_added_08/Ex1_GM99_iGM.xml,5157798,AProVE,20177,certified,302125,timeout (wallclock),541.559932978,301.008763075,1.5193305088E10,MAYBE,-,-,-
381918670,S-TRS Outermost certified-2018-07-14 11:00:02.1536 UTC/TRS_Outermost/Strategy_outermost_added_08/Ex4_7_37_Bor03_L.xml,5157799,AProVE,20177,certified,302125,complete,3.012274232,1.5199379921,1.9494912E8,NO,CERTIFIED,0.0,4152
381918672,S-TRS Outermost certified-2018-07-14 11:00:02.1536 UTC/TRS_Outermost/Strategy_outermost_added_08/LengthOfFiniteLists_nosorts_GM.xml,5157800,AProVE,20177,certified,302125,complete,367.653157353,291.515513897,1.3835567104E10,MAYBE,-,-,-
381918674,S-TRS Outermost certified-2018-07-14 11:00:02.1536 UTC/TRS_Outermost/Strategy_outermost_added_08/OvConsOS_nosorts-noand_L.xml,5157801,AProVE,20177,certified,302125,complete,3.136669038,1.52416992188,1.96456448E8,NO,CERTIFIED,0.0,3476
381918676,S-TRS Outermost certified-2018-07-14 11:00:02.1536 UTC/TRS_Outermost/Strategy_outermost_added_08/PALINDROME_complete-noand_L.xml,5157802,AProVE,20177,certified,302125,complete,3.137004754,1.57172322273,1.96345856E8,NO,CERTIFIED,0.0,10385
381918678,S-TRS Outermost certified-2018-07-14 11:00:02.1536 UTC/TRS_Outermost/Strategy_outermost_added_08/Ex9_Luc04_L.xml,5157803,AProVE,20177,certified,302125,complete,3.203981064,1.49643206596,1.98291456E8,NO,CERTIFIED,0.0,1852
381918680,S-TRS Outermost certified-2018-07-14 11:00:02.1536 UTC/TRS_Outermost/Strategy_outermost_added_08/LengthOfFiniteLists_complete-noand_L.xml,5157804,AProVE,20177,certified,302125,complete,3.294897497,1.63322615623,1.80506624E8,NO,CERTIFIED,0.0,9159
381918682,S-TRS Outermost certified-2018-07-14 11:00:02.1536 UTC/TRS_Outermost/Strategy_outermost_added_08/PEANO_complete_L.xml,5157805,AProVE,20177,certified,302125,complete,3.200427042,1.5578482151,1.99020544E8,NO,CERTIFIED,0.0,4031
381918684,S-TRS Outermost certified-2018-07-14 11:00:02.1536 UTC/TRS_Outermost/Strategy_outermost_added_08/Ex3_2_Luc97_L.xml,5157806,AProVE,20177,certified,302125,complete,3.156867302,1.51006793976,1.97656576E8,NO,CERTIFIED,0.0,2793
381918686,S-TRS Outermost certified-2018-07-14 11:00:02.1536 UTC/TRS_Outermost/Strategy_outermost_added_08/Ex4_7_77_Bor03_L.xml,5157807,AProVE,20177,certified,302125,complete,3.057960174,1.51155900955,1.96964352E8,NO,CERTIFIED,0.0,1725
381918688,S-TRS Outermost certified-2018-07-14 11:00:02.1536 UTC/TRS_Outermost/Strategy_outermost_added_08/OvConsOS_nosorts_L.xml,5157808,AProVE,20177,certified,302125,complete,3.248057779,1.51420211792,1.98762496E8,NO,CERTIFIED,0.0,2369
381918690,S-TRS Outermost certified-2018-07-14 11:00:02.1536 UTC/TRS_Outermost/Strategy_outermost_added_08/Ex5_7_Luc97_L.xml,5157809,AProVE,20177,certified,302125,complete,3.142416602,1.53296589851,1.81907456E8,NO,CERTIFIED,0.0,4385
381918692,S-TRS Outermost certified-2018-07-14 11:00:02.1536 UTC/TRS_Outermost/Strategy_outermost_added_08/round_nonterm.xml,5157810,AProVE,20177,certified,302125,complete,3.209300823,1.53692793846,1.98651904E8,NO,CERTIFIED,0.0,3312
381918694,S-TRS Outermost certified-2018-07-14 11:00:02.1536 UTC/TRS_Outermost/Strategy_outermost_added_08/OvConsOS_nokinds-noand_FR.xml,5157811,AProVE,20177,certified,302125,timeout (wallclock),720.518350811,301.007407188,1.565810688E10,MAYBE,-,-,-
381918696,S-TRS Outermost certified-2018-07-14 11:00:02.1536 UTC/TRS_Outermost/Strategy_outermost_added_08/Ex6_GM04.xml,5157812,AProVE,20177,certified,302125,complete,3.134936002,1.51197695732,1.957888E8,MAYBE,-,-,-
381918698,S-TRS Outermost certified-2018-07-14 11:00:02.1536 UTC/TRS_Outermost/Strategy_outermost_added_08/Ex6_9_Luc02c.xml,5157813,AProVE,20177,certified,302125,complete,3.068440353,1.49499988556,1.9668992E8,NO,CERTIFIED,0.0,2464
381918700,S-TRS Outermost certified-2018-07-14 11:00:02.1536 UTC/TRS_Outermost/Strategy_outermost_added_08/ExIntrod_GM01_L.xml,5157814,AProVE,20177,certified,302125,complete,3.146494679,1.52813005447,1.99299072E8,NO,CERTIFIED,0.0,2785
381918702,S-TRS Outermost certified-2018-07-14 11:00:02.1536 UTC/TRS_Outermost/Strategy_outermost_added_08/OvConsOS_nosorts_FR.xml,5157815,AProVE,20177,certified,302125,complete,3.210730204,1.54239106178,1.99409664E8,NO,CERTIFIED,0.0,4827
381918704,S-TRS Outermost certified-2018-07-14 11:00:02.1536 UTC/TRS_Outermost/Strategy_outermost_added_08/Ex1_GM03_Z.xml,5157816,AProVE,20177,certified,302125,complete,3.276468167,1.60094094276,1.78184192E8,NO,CERTIFIED,0.0,4821
381918706,S-TRS Outermost certified-2018-07-14 11:00:02.1536 UTC/TRS_Outermost/Strategy_outermost_added_08/test9.xml,5157817,AProVE,20177,certified,302125,complete,3.226827598,1.53979897499,1.99417856E8,NO,CERTIFIED,0.0,4047
381918708,S-TRS Outermost certified-2018-07-14 11:00:02.1536 UTC/TRS_Outermost/Strategy_outermost_added_08/ExConc_Zan97_Z.xml,5157818,AProVE,20177,certified,302125,complete,3.230814817,1.5225610733,1.96268032E8,NO,CERTIFIED,0.0,2294
381918710,S-TRS Outermost certified-2018-07-14 11:00:02.1536 UTC/TRS_Outermost/Strategy_outermost_added_08/Ex24_Luc06_iGM.xml,5157819,AProVE,20177,certified,302125,complete,367.767740141,291.927022219,1.4344077312E10,MAYBE,-,-,-
381918712,S-TRS Outermost certified-2018-07-14 11:00:02.1536 UTC/TRS_Outermost/Strategy_outermost_added_08/gkg.xml,5157820,AProVE,20177,certified,302125,complete,3.22542716,1.59282588959,1.792E8,NO,CERTIFIED,0.0,2091
381918714,S-TRS Outermost certified-2018-07-14 11:00:02.1536 UTC/TRS_Outermost/Strategy_outermost_added_08/Ex2_8_1ConstSubstFix.xml,5157821,AProVE,20177,certified,302125,complete,3.192379607,1.52521800995,1.99184384E8,NO,CERTIFIED,0.0,4262
381918716,S-TRS Outermost certified-2018-07-14 11:00:02.1536 UTC/TRS_Outermost/Strategy_outermost_added_08/Ex6_15_AEL02_L.xml,5157822,AProVE,20177,certified,302125,complete,3.166501776,1.54803180695,1.9392512E8,NO,CERTIFIED,0.0,5770
381918718,S-TRS Outermost certified-2018-07-14 11:00:02.1536 UTC/TRS_Outermost/Strategy_outermost_added_08/003.xml,5157823,AProVE,20177,certified,302125,complete,3.284137805,1.58848309517,1.98828032E8,NO,CERTIFIED,0.0,4695
381918720,S-TRS Outermost certified-2018-07-14 11:00:02.1536 UTC/TRS_Outermost/Strategy_outermost_added_08/Ex14_Luc06_L.xml,5157824,AProVE,20177,certified,302125,complete,3.23695537,1.59004878998,1.79396608E8,NO,CERTIFIED,0.0,2461
381918722,S-TRS Outermost certified-2018-07-14 11:00:02.1536 UTC/TRS_Outermost/Strategy_outermost_added_08/Ex1_GL02a_L.xml,5157825,AProVE,20177,certified,302125,complete,3.192052395,1.50989794731,1.96337664E8,NO,CERTIFIED,0.0,2252
381918724,S-TRS Outermost certified-2018-07-14 11:00:02.1536 UTC/TRS_Outermost/Strategy_outermost_added_08/TypeEx5.xml,5157826,AProVE,20177,certified,302125,complete,2.986486399,1.50479912758,1.96378624E8,NO,CERTIFIED,0.0,2281
381918726,S-TRS Outermost certified-2018-07-14 11:00:02.1536 UTC/TRS_Outermost/Strategy_outermost_added_08/ExIntrod_Zan97_L.xml,5157827,AProVE,20177,certified,302125,complete,3.241645407,1.58872389793,1.7799168E8,NO,CERTIFIED,0.0,3079
381918728,S-TRS Outermost certified-2018-07-14 11:00:02.1536 UTC/TRS_Outermost/Strategy_outermost_added_08/OvConsOS_nokinds_L.xml,5157828,AProVE,20177,certified,302125,complete,3.298145612,1.60096502304,1.8085888E8,NO,CERTIFIED,0.0,4286
381918730,S-TRS Outermost certified-2018-07-14 11:00:02.1536 UTC/TRS_Outermost/Strategy_outermost_added_08/Ex1_Zan97.xml,5157829,AProVE,20177,certified,302125,complete,3.204340465,1.58857798576,1.80375552E8,NO,CERTIFIED,0.0,2272
381918732,S-TRS Outermost certified-2018-07-14 11:00:02.1536 UTC/TRS_Outermost/Strategy_outermost_added_08/Ex4_7_56_Bor03.xml,5157830,AProVE,20177,certified,302125,complete,3.366426453,1.50945591927,2.050048E8,NO,CERTIFIED,0.0,2396
381918734,S-TRS Outermost certified-2018-07-14 11:00:02.1536 UTC/TRS_Outermost/Strategy_outermost_added_08/ExIntrod_GM99_L.xml,5157831,AProVE,20177,certified,302125,complete,3.166569505,1.4969420433,1.98721536E8,NO,CERTIFIED,0.0,2989
381918736,S-TRS Outermost certified-2018-07-14 11:00:02.1536 UTC/TRS_Outermost/Strategy_outermost_added_08/Ex1_GM03.xml,5157832,AProVE,20177,certified,302125,complete,3.165517917,1.52015519142,1.97660672E8,NO,CERTIFIED,0.0,4001
381918738,S-TRS Outermost certified-2018-07-14 11:00:02.1536 UTC/TRS_Outermost/Strategy_outermost_added_08/Ex15_Luc06_L.xml,5157833,AProVE,20177,certified,302125,complete,3.216046953,1.94837021828,1.80764672E8,NO,CERTIFIED,0.0,1268
381918739,S-TRS Outermost certified-2018-07-14 11:00:02.1536 UTC/TRS_Outermost/Strategy_outermost_added_08/LengthOfFiniteLists_nosorts_L.xml,5157834,AProVE,20177,certified,302125,complete,3.141911249,1.52389883995,1.95670016E8,NO,CERTIFIED,0.0,1942
381918740,S-TRS Outermost certified-2018-07-14 11:00:02.1536 UTC/TRS_Outermost/Strategy_outermost_added_08/test10.xml,5157835,AProVE,20177,certified,302125,complete,3.142783875,1.52718997002,1.97935104E8,NO,CERTIFIED,0.0,3570
381918741,S-TRS Outermost certified-2018-07-14 11:00:02.1536 UTC/TRS_Outermost/Strategy_outermost_added_08/PEANO_complete-noand_L.xml,5157836,AProVE,20177,certified,302125,complete,3.3005012,1.63719987869,1.81272576E8,NO,CERTIFIED,0.0,5804
381918742,S-TRS Outermost certified-2018-07-14 11:00:02.1536 UTC/TRS_Outermost/Strategy_outermost_added_08/ExIntrod_GM04_Z.xml,5157837,AProVE,20177,certified,302125,complete,359.410239957,291.473609924,1.3028118528E10,MAYBE,-,-,-
381918743,S-TRS Outermost certified-2018-07-14 11:00:02.1536 UTC/TRS_Outermost/Strategy_outermost_added_08/n006.xml,5157838,AProVE,20177,certified,302125,complete,3.038694154,1.50132989883,1.9402752E8,NO,CERTIFIED,0.0,1637
381918744,S-TRS Outermost certified-2018-07-14 11:00:02.1536 UTC/TRS_Outermost/Strategy_outermost_added_08/Ex5_Zan97_L.xml,5157839,AProVE,20177,certified,302125,complete,3.265229697,1.59232997894,1.8046976E8,NO,CERTIFIED,0.0,1843
381918745,S-TRS Outermost certified-2018-07-14 11:00:02.1536 UTC/TRS_Outermost/Strategy_outermost_added_08/test77.xml,5157840,AProVE,20177,certified,302125,complete,355.356950397,291.472976208,1.232754688E10,MAYBE,-,-,-
381918746,S-TRS Outermost certified-2018-07-14 11:00:02.1536 UTC/TRS_Outermost/Strategy_outermost_added_08/ExSec11_1_Luc02a.xml,5157841,AProVE,20177,certified,302125,complete,3.201893305,1.53653407097,1.98443008E8,NO,CERTIFIED,0.0,4915
381918747,S-TRS Outermost certified-2018-07-14 11:00:02.1536 UTC/TRS_Outermost/Strategy_outermost_added_08/Ex1_Luc04b_L.xml,5157842,AProVE,20177,certified,302125,complete,3.300240737,1.50627613068,1.99512064E8,NO,CERTIFIED,0.0,2404
381918748,S-TRS Outermost certified-2018-07-14 11:00:02.1536 UTC/TRS_Outermost/Strategy_outermost_added_08/#4.17.xml,5157843,AProVE,20177,certified,302125,complete,3.289403363,1.59434604645,1.80871168E8,NO,CERTIFIED,0.0,4490
381918749,S-TRS Outermost certified-2018-07-14 11:00:02.1536 UTC/TRS_Outermost/Strategy_outermost_added_08/Ex14_AEGL02_L.xml,5157844,AProVE,20177,certified,302125,complete,3.284653257,1.61281299591,1.79900416E8,NO,CERTIFIED,0.0,2031
381918750,S-TRS Outermost certified-2018-07-14 11:00:02.1536 UTC/TRS_Outermost/Strategy_outermost_added_08/ExIntrod_GM01_Z.xml,5157845,AProVE,20177,certified,302125,complete,358.169719633,291.488744974,1.3103280128E10,MAYBE,-,-,-
381918751,S-TRS Outermost certified-2018-07-14 11:00:02.1536 UTC/TRS_Outermost/Strategy_outermost_added_08/Ex9_Luc04_Z.xml,5157846,AProVE,20177,certified,302125,complete,3.071392622,1.51415109634,1.9339264E8,NO,CERTIFIED,0.0,3446
381918752,S-TRS Outermost certified-2018-07-14 11:00:02.1536 UTC/TRS_Outermost/Strategy_outermost_added_08/Ex1_GL02a_Z.xml,5157847,AProVE,20177,certified,302125,complete,364.228550907,291.505518913,1.398775808E10,MAYBE,-,-,-
381918753,S-TRS Outermost certified-2018-07-14 11:00:02.1536 UTC/TRS_Outermost/Strategy_outermost_added_08/Ex7_BLR02.xml,5157848,AProVE,20177,certified,302125,complete,2.87162423,1.4996881485,1.93769472E8,NO,CERTIFIED,0.0,3391
381918754,S-TRS Outermost certified-2018-07-14 11:00:02.1536 UTC/TRS_Outermost/Strategy_outermost_added_08/Ex6_15_AEL02_Z.xml,5157849,AProVE,20177,certified,302125,complete,7.866641797,3.63040995598,1.693896704E9,NO,CERTIFIED,0.0,11843
381918755,S-TRS Outermost certified-2018-07-14 11:00:02.1536 UTC/TRS_Outermost/Strategy_outermost_added_08/Ex6_9_Luc02c_L.xml,5157850,AProVE,20177,certified,302125,complete,3.199894581,1.59810185432,1.79085312E8,NO,CERTIFIED,0.0,2355
381918756,S-TRS Outermost certified-2018-07-14 11:00:02.1536 UTC/TRS_Outermost/Strategy_outermost_added_08/Ex1_GM99_GM.xml,5157851,AProVE,20177,certified,302125,complete,336.723516942,291.469753027,9.86853376E9,MAYBE,-,-,-
381918757,S-TRS Outermost certified-2018-07-14 11:00:02.1536 UTC/TRS_Outermost/Strategy_outermost_added_08/PEANO_nokinds-noand_L.xml,5157852,AProVE,20177,certified,302125,run script error,0.0,0.0,0.0,--,-,-,-
381918758,S-TRS Outermost certified-2018-07-14 11:00:02.1536 UTC/TRS_Outermost/Strategy_outermost_added_08/Ex6_15_AEL02.xml,5157853,AProVE,20177,certified,302125,complete,3.158808415,1.64283299446,1.7917952E8,NO,CERTIFIED,0.0,6582
381918759,S-TRS Outermost certified-2018-07-14 11:00:02.1536 UTC/TRS_Outermost/Strategy_outermost_added_08/Ex9_Luc06_Z.xml,5157854,AProVE,20177,certified,302125,complete,3.203892364,1.5181658268,2.00404992E8,NO,CERTIFIED,0.0,4210
381918760,S-TRS Outermost certified-2018-07-14 11:00:02.1536 UTC/TRS_Outermost/Strategy_outermost_added_08/MYNAT_nosorts-noand_L.xml,5157855,AProVE,20177,certified,302125,complete,3.230702072,1.51380300522,2.00998912E8,NO,CERTIFIED,0.0,3587
381918761,S-TRS Outermost certified-2018-07-14 11:00:02.1536 UTC/TRS_Outermost/Strategy_outermost_added_08/4.06.xml,5157856,AProVE,20177,certified,302125,complete,3.392040312,2.45683193207,1.9922944E8,NO,CERTIFIED,0.0,3265
381918762,S-TRS Outermost certified-2018-07-14 11:00:02.1536 UTC/TRS_Outermost/Strategy_outermost_added_08/4.54.xml,5157857,AProVE,20177,certified,302125,complete,3.078240931,1.5125310421,1.91987712E8,NO,CERTIFIED,0.0,6877
381918763,S-TRS Outermost certified-2018-07-14 11:00:02.1536 UTC/TRS_Outermost/Strategy_outermost_added_08/LengthOfFiniteLists_nokinds_Z.xml,5157858,AProVE,20177,certified,302125,timeout (wallclock),528.290921585,301.009766102,1.5194013696E10,MAYBE,-,-,-
381918764,S-TRS Outermost certified-2018-07-14 11:00:02.1536 UTC/TRS_Outermost/Strategy_outermost_added_08/Ex1_Luc02b_L.xml,5157859,AProVE,20177,certified,302125,run script error,0.0,0.0,0.0,--,-,-,-
381918765,S-TRS Outermost certified-2018-07-14 11:00:02.1536 UTC/TRS_Outermost/Strategy_outermost_added_08/ExIntrod_GM99.xml,5157860,AProVE,20177,certified,302125,complete,3.211037449,1.6162109375,1.77577984E8,NO,CERTIFIED,0.0,4120
381918766,S-TRS Outermost certified-2018-07-14 11:00:02.1536 UTC/TRS_Outermost/Strategy_outermost_added_08/ExAppendixB_AEL03.xml,5157861,AProVE,20177,certified,302125,complete,3.258596485,1.61648106575,1.76095232E8,NO,CERTIFIED,0.0,5430
381918767,S-TRS Outermost certified-2018-07-14 11:00:02.1536 UTC/TRS_Outermost/Strategy_outermost_added_08/Ex3_2_Luc97.xml,5157862,AProVE,20177,certified,302125,complete,3.072915511,1.50504302979,1.97709824E8,NO,CERTIFIED,0.0,3910
381918768,S-TRS Outermost certified-2018-07-14 11:00:02.1536 UTC/TRS_Outermost/Strategy_outermost_added_08/4.34.xml,5157863,AProVE,20177,certified,302125,complete,3.035592318,1.48942494392,1.97840896E8,NO,CERTIFIED,0.0,2957
381918769,S-TRS Outermost certified-2018-07-14 11:00:02.1536 UTC/TRS_Outermost/Strategy_outermost_added_08/MYNAT_complete-noand_L.xml,5157864,AProVE,20177,certified,302125,complete,3.178399792,1.55307888985,1.96636672E8,NO,CERTIFIED,0.0,9850
381918770,S-TRS Outermost certified-2018-07-14 11:00:02.1536 UTC/TRS_Outermost/Strategy_outermost_added_08/Ex1_GM99.xml,5157865,AProVE,20177,certified,302125,complete,3.125907169,1.51504707336,1.98897664E8,NO,CERTIFIED,0.0,2738
381918771,S-TRS Outermost certified-2018-07-14 11:00:02.1536 UTC/TRS_Outermost/Strategy_outermost_added_08/Ex4_4_Luc96b_Z.xml,5157866,AProVE,20177,certified,302125,complete,295.732546128,291.470905066,5.1433472E9,MAYBE,-,-,-
381918772,S-TRS Outermost certified-2018-07-14 11:00:02.1536 UTC/TRS_Outermost/Strategy_outermost_added_08/n001.xml,5157867,AProVE,20177,certified,302125,complete,3.028893668,1.50250887871,1.95100672E8,NO,CERTIFIED,0.0,2904
381918773,S-TRS Outermost certified-2018-07-14 11:00:02.1536 UTC/TRS_Outermost/Strategy_outermost_added_08/PEANO_nosorts-noand_L.xml,5157868,AProVE,20177,certified,302125,complete,3.256257006,1.52320694923,2.00224768E8,NO,CERTIFIED,0.0,3914
381918774,S-TRS Outermost certified-2018-07-14 11:00:02.1536 UTC/TRS_Outermost/Strategy_outermost_added_08/n005.xml,5157869,AProVE,20177,certified,302125,complete,3.134514189,1.5067050457,1.96632576E8,NO,CERTIFIED,0.0,1637
381918775,S-TRS Outermost certified-2018-07-14 11:00:02.1536 UTC/TRS_Outermost/Strategy_outermost_added_08/PEANO_nosorts_L.xml,5157870,AProVE,20177,certified,302125,complete,3.011479483,1.53280305862,1.93531904E8,NO,CERTIFIED,0.0,1835
381918776,S-TRS Outermost certified-2018-07-14 11:00:02.1536 UTC/TRS_Outermost/Strategy_outermost_added_08/LengthOfFiniteLists_nokinds_L.xml,5157871,AProVE,20177,certified,302125,complete,3.056268611,1.49933099747,1.95117056E8,NO,CERTIFIED,0.0,3425
381918777,S-TRS Outermost certified-2018-07-14 11:00:02.1536 UTC/TRS_Outermost/Strategy_outermost_added_08/001.xml,5157872,AProVE,20177,certified,302125,complete,3.209601297,1.52938508987,1.98283264E8,NO,CERTIFIED,0.0,3123
381918778,S-TRS Outermost certified-2018-07-14 11:00:02.1536 UTC/TRS_Outermost/Strategy_outermost_added_08/test75.xml,5157873,AProVE,20177,certified,302125,complete,3.293765141,1.5453851223,2.0342784E8,NO,CERTIFIED,0.0,4767
381918779,S-TRS Outermost certified-2018-07-14 11:00:02.1536 UTC/TRS_Outermost/Strategy_outermost_added_08/LISTUTILITIES_nosorts-noand_L.xml,5157874,AProVE,20177,certified,302125,complete,3.216161638,1.55267596245,1.95280896E8,NO,CERTIFIED,0.0,7356
381918780,S-TRS Outermost certified-2018-07-14 11:00:02.1536 UTC/TRS_Outermost/Strategy_outermost_added_08/n007.xml,5157875,AProVE,20177,certified,302125,complete,3.199729634,1.56047701836,1.81071872E8,NO,CERTIFIED,0.0,1887
381918781,S-TRS Outermost certified-2018-07-14 11:00:02.1536 UTC/TRS_Outermost/Strategy_outermost_added_08/Ex1_Luc04b_Z.xml,5157876,AProVE,20177,certified,302125,complete,3.148729866,1.5701789856,1.94957312E8,NO,CERTIFIED,0.0,3477
381918782,S-TRS Outermost certified-2018-07-14 11:00:02.1536 UTC/TRS_Outermost/Strategy_outermost_added_08/LengthOfFiniteLists_nosorts_Z.xml,5157877,AProVE,20177,certified,302125,complete,3.412110219,1.61614584923,1.87797504E8,NO,CERTIFIED,0.0,3681
381918783,S-TRS Outermost certified-2018-07-14 11:00:02.1536 UTC/TRS_Outermost/Strategy_outermost_added_08/PALINDROME_nosorts_L.xml,5157878,AProVE,20177,certified,302125,complete,3.206732372,1.58714604378,1.768448E8,NO,CERTIFIED,0.0,2284
381918784,S-TRS Outermost certified-2018-07-14 11:00:02.1536 UTC/TRS_Outermost/Strategy_outermost_added_08/jwno6.xml,5157879,AProVE,20177,certified,302125,complete,3.242376113,1.53225302696,1.98074368E8,NO,CERTIFIED,0.0,6336
381918785,S-TRS Outermost certified-2018-07-14 11:00:02.1536 UTC/TRS_Outermost/Strategy_outermost_added_08/LengthOfFiniteLists_nosorts-noand_Z.xml,5157880,AProVE,20177,certified,302125,complete,3.867799042,1.67246794701,2.30096896E8,NO,CERTIFIED,0.0,6399
381918786,S-TRS Outermost certified-2018-07-14 11:00:02.1536 UTC/TRS_Outermost/Strategy_outermost_added_08/PEANO_nokinds_L.xml,5157881,AProVE,20177,certified,302125,complete,3.202270117,1.50481295586,1.98365184E8,NO,CERTIFIED,0.0,2615
381918787,S-TRS Outermost certified-2018-07-14 11:00:02.1536 UTC/TRS_Outermost/Strategy_outermost_added_08/Ex15_Luc98.xml,5157882,AProVE,20177,certified,302125,complete,3.220675951,1.51503396034,1.97419008E8,NO,CERTIFIED,0.0,3564
381918788,S-TRS Outermost certified-2018-07-14 11:00:02.1536 UTC/TRS_Outermost/Strategy_outermost_added_08/LengthOfFiniteLists_complete-noand_FR.xml,5157883,AProVE,20177,certified,302125,timeout (wallclock),873.230999531,301.008990049,1.5644086272E10,MAYBE,-,-,-
381918789,S-TRS Outermost certified-2018-07-14 11:00:02.1536 UTC/TRS_Outermost/Strategy_outermost_added_08/OvConsOS_nosorts_noand_GM.xml,5157884,AProVE,20177,certified,302125,timeout (wallclock),807.360532925,301.008835077,1.56455936E10,MAYBE,-,-,-
381918790,S-TRS Outermost certified-2018-07-14 11:00:02.1536 UTC/TRS_Outermost/Strategy_outermost_added_08/jwno9.xml,5157885,AProVE,20177,certified,302125,complete,4.113327546,1.8141849041,2.99249664E8,MAYBE,-,-,-
381918791,S-TRS Outermost certified-2018-07-14 11:00:02.1536 UTC/TRS_Outermost/Strategy_outermost_added_08/Ex16_Luc06_L.xml,5157886,AProVE,20177,certified,302125,complete,2.951605613,1.48968791962,1.9052544E8,NO,CERTIFIED,0.0,1642
381918792,S-TRS Outermost certified-2018-07-14 11:00:02.1536 UTC/TRS_Outermost/Strategy_outermost_added_08/Ex3_3_25_Bor03_Z.xml,5157887,AProVE,20177,certified,302125,complete,3.067349867,1.54619193077,1.94494464E8,NO,CERTIFIED,0.0,5529
381918793,S-TRS Outermost certified-2018-07-14 11:00:02.1536 UTC/TRS_Outermost/Strategy_outermost_added_08/ExAppendixB_AEL03_L.xml,5157888,AProVE,20177,certified,302125,complete,3.225809185,1.56293606758,1.95108864E8,NO,CERTIFIED,0.0,5528
381918794,S-TRS Outermost certified-2018-07-14 11:00:02.1536 UTC/TRS_Outermost/Strategy_outermost_added_08/n002.xml,5157889,AProVE,20177,certified,302125,complete,2.975227277,1.50105810165,1.91184896E8,NO,CERTIFIED,0.0,1469
381918795,S-TRS Outermost certified-2018-07-14 11:00:02.1536 UTC/TRS_Outermost/Strategy_outermost_added_08/Ex8_BLR02_L.xml,5157890,AProVE,20177,certified,302125,complete,3.405033658,1.58339285851,1.81157888E8,NO,CERTIFIED,0.0,3195
381918796,S-TRS Outermost certified-2018-07-14 11:00:02.1536 UTC/TRS_Outermost/Strategy_outermost_added_08/LengthOfFiniteLists_nosorts_iGM.xml,5157891,AProVE,20177,certified,302125,timeout (wallclock),633.257029031,301.006747961,1.552596992E10,MAYBE,-,-,-
381918797,S-TRS Outermost certified-2018-07-14 11:00:02.1536 UTC/TRS_Outermost/Strategy_outermost_added_08/Ex14_Luc06_Z.xml,5157892,AProVE,20177,certified,302125,complete,4.174845412,1.80839109421,2.81059328E8,NO,CERTIFIED,0.0,3625
381918798,S-TRS Outermost certified-2018-07-14 11:00:02.1536 UTC/TRS_Outermost/Strategy_outermost_added_08/Ex1_GM99_Z.xml,5157893,AProVE,20177,certified,302125,complete,3.437187296,1.56229496002,2.10694144E8,NO,CERTIFIED,0.0,4046
381918799,S-TRS Outermost certified-2018-07-14 11:00:02.1536 UTC/TRS_Outermost/Strategy_outermost_added_08/Ex4_Zan97.xml,5157894,AProVE,20177,certified,302125,complete,3.069211413,1.50426506996,1.99938048E8,NO,CERTIFIED,0.0,2886
381918800,S-TRS Outermost certified-2018-07-14 11:00:02.1536 UTC/TRS_Outermost/Strategy_outermost_added_08/Ex3_3_25_Bor03.xml,5157895,AProVE,20177,certified,302125,complete,3.17123357,1.610227108,1.79171328E8,NO,CERTIFIED,0.0,3634
381918801,S-TRS Outermost certified-2018-07-14 11:00:02.1536 UTC/TRS_Outermost/Strategy_outermost_added_08/#4.16.xml,5157896,AProVE,20177,certified,302125,complete,3.257749124,1.62026500702,1.80084736E8,NO,CERTIFIED,0.0,2347
381918802,S-TRS Outermost certified-2018-07-14 11:00:02.1536 UTC/TRS_Outermost/Strategy_outermost_added_08/#4.15.xml,5157897,AProVE,20177,certified,302125,complete,3.367630954,1.52830481529,2.0701184E8,NO,CERTIFIED,0.0,5070
381918803,S-TRS Outermost certified-2018-07-14 11:00:02.1536 UTC/TRS_Outermost/Strategy_outermost_added_08/Ex5_7_Luc97.xml,5157898,AProVE,20177,certified,302125,complete,3.11525859,1.60883808136,1.75480832E8,NO,CERTIFIED,0.0,5663
381918804,S-TRS Outermost certified-2018-07-14 11:00:02.1536 UTC/TRS_Outermost/Strategy_outermost_added_08/Ex24_GM04_L.xml,5157899,AProVE,20177,certified,302125,complete,2.857085806,1.52343082428,1.910784E8,NO,CERTIFIED,0.0,1504
381918805,S-TRS Outermost certified-2018-07-14 11:00:02.1536 UTC/TRS_Outermost/Strategy_outermost_added_08/4.49.xml,5157900,AProVE,20177,certified,302125,complete,2.992719633,1.5127530098,1.93200128E8,NO,CERTIFIED,0.0,2821
381918806,S-TRS Outermost certified-2018-07-14 11:00:02.1536 UTC/TRS_Outermost/Strategy_outermost_added_08/Ex14_AEGL02.xml,5157901,AProVE,20177,certified,302125,complete,3.14172171,1.49867415428,2.00925184E8,NO,CERTIFIED,0.0,2502
381918807,S-TRS Outermost certified-2018-07-14 11:00:02.1536 UTC/TRS_Outermost/Strategy_outermost_added_08/TypeEx3.xml,5157902,AProVE,20177,certified,302125,complete,67.425320915,54.9388620853,5.305094144E9,MAYBE,-,-,-
381918808,S-TRS Outermost certified-2018-07-14 11:00:02.1536 UTC/TRS_Outermost/Strategy_outermost_added_08/OvConsOS_nosorts-noand_Z.xml,5157903,AProVE,20177,certified,302125,complete,8.260323275,3.88110804558,1.845551104E9,NO,CERTIFIED,0.0,8869
381918809,S-TRS Outermost certified-2018-07-14 11:00:02.1536 UTC/TRS_Outermost/Strategy_outermost_added_08/ExIntrod_GM01_FR.xml,5157904,AProVE,20177,certified,302125,complete,361.469382997,291.49039793,1.3792763904E10,MAYBE,-,-,-
381918810,S-TRS Outermost certified-2018-07-14 11:00:02.1536 UTC/TRS_Outermost/Strategy_outermost_added_08/#4.14.xml,5157905,AProVE,20177,certified,302125,complete,3.242619201,1.51609897614,1.9769344E8,NO,CERTIFIED,0.0,3772
381918811,S-TRS Outermost certified-2018-07-14 11:00:02.1536 UTC/TRS_Outermost/Strategy_outermost_added_08/Ex15_Luc98_L.xml,5157906,AProVE,20177,certified,302125,complete,3.190081928,1.51201891899,1.982464E8,NO,CERTIFIED,0.0,2541
381918812,S-TRS Outermost certified-2018-07-14 11:00:02.1536 UTC/TRS_Outermost/Strategy_outermost_added_08/Ex6_Luc98.xml,5157907,AProVE,20177,certified,302125,complete,3.253492379,1.61364197731,1.80105216E8,NO,CERTIFIED,0.0,2481
381918813,S-TRS Outermost certified-2018-07-14 11:00:02.1536 UTC/TRS_Outermost/Strategy_outermost_added_08/PALINDROME_nokinds-noand_L.xml,5157908,AProVE,20177,certified,302125,complete,3.348401507,1.54069590569,1.95305472E8,NO,CERTIFIED,0.0,5385
381918814,S-TRS Outermost certified-2018-07-14 11:00:02.1536 UTC/TRS_Outermost/Strategy_outermost_added_08/PALINDROME_complete_L.xml,5157909,AProVE,20177,certified,302125,complete,3.154878715,1.61068105698,1.79421184E8,NO,CERTIFIED,0.0,6962
381918815,S-TRS Outermost certified-2018-07-14 11:00:02.1536 UTC/TRS_Outermost/Strategy_outermost_added_08/Ex4_DLMMU04_L.xml,5157910,AProVE,20177,certified,302125,complete,3.243067869,1.51217985153,1.95506176E8,NO,CERTIFIED,0.0,4533
381918816,S-TRS Outermost certified-2018-07-14 11:00:02.1536 UTC/TRS_Outermost/Strategy_outermost_added_08/LengthOfFiniteLists_complete-noand_Z.xml,5157911,AProVE,20177,certified,302125,timeout (wallclock),852.928293717,301.01335001,1.5640772608E10,MAYBE,-,-,-
381918817,S-TRS Outermost certified-2018-07-14 11:00:02.1536 UTC/TRS_Outermost/Strategy_outermost_added_08/ExConc_Zan97.xml,5157912,AProVE,20177,certified,302125,complete,3.089161867,1.48877096176,1.9513344E8,NO,CERTIFIED,0.0,1833
381918818,S-TRS Outermost certified-2018-07-14 11:00:02.1536 UTC/TRS_Outermost/Strategy_outermost_added_08/ExIntrod_GM01.xml,5157913,AProVE,20177,certified,302125,complete,3.281592784,1.49863696098,1.98627328E8,NO,CERTIFIED,0.0,3089
381918819,S-TRS Outermost certified-2018-07-14 11:00:02.1536 UTC/TRS_Outermost/Strategy_outermost_added_08/ttt1.xml,5157914,AProVE,20177,certified,302125,complete,3.239238915,1.54653906822,2.01515008E8,NO,CERTIFIED,0.0,5094
381918820,S-TRS Outermost certified-2018-07-14 11:00:02.1536 UTC/TRS_Outermost/Strategy_outermost_added_08/ExIntrod_GM04.xml,5157915,AProVE,20177,certified,302125,complete,3.121885549,1.5253868103,1.97005312E8,NO,CERTIFIED,0.0,2794
381918821,S-TRS Outermost certified-2018-07-14 11:00:02.1536 UTC/TRS_Outermost/Strategy_outermost_added_08/PALINDROME_nokinds_L.xml,5157916,AProVE,20177,certified,302125,complete,2.977500427,1.55358505249,1.93867776E8,NO,CERTIFIED,0.0,3373
381918822,S-TRS Outermost certified-2018-07-14 11:00:02.1536 UTC/TRS_Outermost/Strategy_outermost_added_08/Ex14_AEGL02_Z.xml,5157917,AProVE,20177,certified,302125,complete,3.973124427,1.76138806343,2.3246848E8,NO,CERTIFIED,0.0,6249
381918823,S-TRS Outermost certified-2018-07-14 11:00:02.1536 UTC/TRS_Outermost/Strategy_outermost_added_08/OvConsOS_complete-noand_L.xml,5157918,AProVE,20177,certified,302125,complete,3.409978391,1.65991282463,1.7856512E8,NO,CERTIFIED,0.0,12962
381918824,S-TRS Outermost certified-2018-07-14 11:00:02.1536 UTC/TRS_Outermost/Strategy_outermost_added_08/Ex3_12_Luc96a.xml,5157919,AProVE,20177,certified,302125,complete,3.153062676,1.58710408211,1.78786304E8,NO,CERTIFIED,0.0,2454
381918825,S-TRS Outermost certified-2018-07-14 11:00:02.1536 UTC/TRS_Outermost/Strategy_outermost_added_08/Ex4_Zan97_L.xml,5157920,AProVE,20177,certified,302125,complete,3.282792358,1.62302494049,1.79785728E8,NO,CERTIFIED,0.0,2835
381918826,S-TRS Outermost certified-2018-07-14 11:00:02.1536 UTC/TRS_Outermost/Strategy_outermost_added_08/Ex7_BLR02_L.xml,5157921,AProVE,20177,certified,302125,complete,3.135195377,1.5137860775,1.96288512E8,NO,CERTIFIED,0.0,2902
381918827,S-TRS Outermost certified-2018-07-14 11:00:02.1536 UTC/TRS_Outermost/Strategy_outermost_added_08/Ex1_GM99_L.xml,5157922,AProVE,20177,certified,302125,complete,3.204812081,1.65443301201,1.79032064E8,NO,CERTIFIED,0.0,1663
381918828,S-TRS Outermost certified-2018-07-14 11:00:02.1536 UTC/TRS_Outermost/Strategy_outermost_added_08/2.05.xml,5157923,AProVE,20177,certified,302125,complete,3.446365958,1.57685995102,2.04959744E8,NO,CERTIFIED,0.0,4603
381918829,S-TRS Outermost certified-2018-07-14 11:00:02.1536 UTC/TRS_Outermost/Strategy_outermost_added_08/Ex9_Luc06_L.xml,5157924,AProVE,20177,certified,302125,complete,3.124836668,1.49637079239,1.95919872E8,NO,CERTIFIED,0.0,1642
381918830,S-TRS Outermost certified-2018-07-14 11:00:02.1536 UTC/TRS_Outermost/Strategy_outermost_added_08/Ex1_2_Luc02c_L.xml,5157925,AProVE,20177,certified,302125,complete,3.153801576,1.51608705521,1.95928064E8,NO,CERTIFIED,0.0,1722
381918831,S-TRS Outermost certified-2018-07-14 11:00:02.1536 UTC/TRS_Outermost/Strategy_outermost_added_08/Ex14_Luc06_GM.xml,5157926,AProVE,20177,certified,302125,timeout (wallclock),784.48742591,301.009757996,1.563385856E10,MAYBE,-,-,-
381918832,S-TRS Outermost certified-2018-07-14 11:00:02.1536 UTC/TRS_Outermost/Strategy_outermost_added_08/muladd.xml,5157927,AProVE,20177,certified,302125,run script error,0.0,0.0,0.0,--,-,-,-
381918833,S-TRS Outermost certified-2018-07-14 11:00:02.1536 UTC/TRS_Outermost/Strategy_outermost_added_08/Ex6_GM04_Z.xml,5157928,AProVE,20177,certified,302125,complete,5.964117377,2.46596693993,7.3525248E8,MAYBE,-,-,-
381918834,S-TRS Outermost certified-2018-07-14 11:00:02.1536 UTC/TRS_Outermost/Strategy_outermost_added_08/Ex9_Luc04_GM.xml,5157929,AProVE,20177,certified,302125,complete,341.439490482,291.497924089,1.0744418304E10,MAYBE,-,-,-
381918835,S-TRS Outermost certified-2018-07-14 11:00:02.1536 UTC/TRS_Outermost/Strategy_outermost_added_08/LengthOfFiniteLists_nokinds_FR.xml,5157930,AProVE,20177,certified,302125,complete,515.434676646,292.755388975,1.5410864128E10,MAYBE,-,-,-
381918836,S-TRS Outermost certified-2018-07-14 11:00:02.1536 UTC/TRS_Outermost/Strategy_outermost_added_08/LISTUTILITIES_nosorts_L.xml,5157931,AProVE,20177,certified,302125,complete,3.289859951,1.55233502388,1.97459968E8,NO,CERTIFIED,0.0,4487
381918837,S-TRS Outermost certified-2018-07-14 11:00:02.1536 UTC/TRS_Outermost/Strategy_outermost_added_08/LengthOfFiniteLists_nosorts_noand_GM.xml,5157932,AProVE,20177,certified,302125,timeout (wallclock),525.26619662,301.008246899,1.5266451456E10,MAYBE,-,-,-
381918838,S-TRS Outermost certified-2018-07-14 11:00:02.1536 UTC/TRS_Outermost/Strategy_outermost_added_08/Hamming.xml,5157933,AProVE,20177,certified,302125,complete,813.878254661,295.619127035,1.5638659072E10,MAYBE,-,-,-
381918839,S-TRS Outermost certified-2018-07-14 11:00:02.1536 UTC/TRS_Outermost/Strategy_outermost_added_08/Ex1_Zan97_L.xml,5157934,AProVE,20177,certified,302125,complete,3.210172236,1.59840202332,1.7891328E8,NO,CERTIFIED,0.0,1634
381918840,S-TRS Outermost certified-2018-07-14 11:00:02.1536 UTC/TRS_Outermost/Strategy_outermost_added_08/Ex2_Luc03b.xml,5157935,AProVE,20177,certified,302125,complete,3.175847147,1.58430719376,1.79994624E8,NO,CERTIFIED,0.0,3297
381918841,S-TRS Outermost certified-2018-07-14 11:00:02.1536 UTC/TRS_Outermost/Strategy_outermost_added_08/Ex1_GL02a.xml,5157936,AProVE,20177,certified,302125,complete,3.079931632,1.56677007675,1.93847296E8,NO,CERTIFIED,0.0,3489
381918842,S-TRS Outermost certified-2018-07-14 11:00:02.1536 UTC/TRS_Outermost/Strategy_outermost_added_08/Ex26_Luc03b.xml,5157937,AProVE,20177,certified,302125,complete,3.062103699,1.50905895233,1.97402624E8,NO,CERTIFIED,0.0,4166
381918843,S-TRS Outermost certified-2018-07-14 11:00:02.1536 UTC/TRS_Outermost/Strategy_outermost_added_08/Ex24_Luc06_Z.xml,5157938,AProVE,20177,certified,302125,complete,3.116202176,1.52206301689,1.97312512E8,NO,CERTIFIED,0.0,3651
381918844,S-TRS Outermost certified-2018-07-14 11:00:02.1536 UTC/TRS_Outermost/Strategy_outermost_added_08/LengthOfFiniteLists_nosorts-noand_L.xml,5157939,AProVE,20177,certified,302125,complete,3.086198498,1.51534414291,1.97382144E8,NO,CERTIFIED,0.0,2488
381918845,S-TRS Outermost certified-2018-07-14 11:00:02.1536 UTC/TRS_Outermost/Strategy_outermost_added_08/LengthOfFiniteLists_nokinds-noand_FR.xml,5157940,AProVE,20177,certified,302125,complete,512.477179224,292.716557026,1.5250796544E10,MAYBE,-,-,-
381918846,S-TRS Outermost certified-2018-07-14 11:00:02.1536 UTC/TRS_Outermost/Strategy_outermost_added_08/MYNAT_complete_L.xml,5157941,AProVE,20177,certified,302125,complete,3.228487829,1.61468696594,1.80236288E8,NO,CERTIFIED,0.0,5724
381918847,S-TRS Outermost certified-2018-07-14 11:00:02.1536 UTC/TRS_Outermost/Strategy_outermost_added_08/OvConsOS_nosorts_Z.xml,5157942,AProVE,20177,certified,302125,complete,3.235954398,1.53187799454,1.97320704E8,NO,CERTIFIED,0.0,4729
381918848,S-TRS Outermost certified-2018-07-14 11:00:02.1536 UTC/TRS_Outermost/Strategy_outermost_added_08/thiemann28.xml,5157943,AProVE,20177,certified,302125,complete,363.965911928,291.503133059,1.3293207552E10,MAYBE,-,-,-
381918849,S-TRS Outermost certified-2018-07-14 11:00:02.1536 UTC/TRS_Outermost/Strategy_outermost_added_08/Ex9_BLR02.xml,5157944,AProVE,20177,certified,302125,complete,3.232838601,1.53476309776,2.02305536E8,NO,CERTIFIED,0.0,3847
381918850,S-TRS Outermost certified-2018-07-14 11:00:02.1536 UTC/TRS_Outermost/Strategy_outermost_added_08/n003.xml,5157945,AProVE,20177,certified,302125,complete,3.092948218,1.53442692757,1.93806336E8,NO,CERTIFIED,0.0,1545
381918851,S-TRS Outermost certified-2018-07-14 11:00:02.1536 UTC/TRS_Outermost/Strategy_outermost_added_08/LISTUTILITIES_complete_L.xml,5157946,AProVE,20177,certified,302125,complete,3.585691091,1.70309114456,1.8089984E8,NO,CERTIFIED,0.0,16070
381918852,S-TRS Outermost certified-2018-07-14 11:00:02.1536 UTC/TRS_Outermost/Strategy_outermost_added_08/Ex1_Zan97_Z.xml,5157947,AProVE,20177,certified,302125,complete,3.376974033,1.54600000381,2.02858496E8,NO,CERTIFIED,0.0,3657
381918853,S-TRS Outermost certified-2018-07-14 11:00:02.1536 UTC/TRS_Outermost/Strategy_outermost_added_08/Ex24_GM04.xml,5157948,AProVE,20177,certified,302125,complete,3.460723336,1.65720510483,1.85061376E8,MAYBE,-,-,-
381918854,S-TRS Outermost certified-2018-07-14 11:00:02.1536 UTC/TRS_Outermost/Strategy_outermost_added_08/Ex3_12_Luc96a_L.xml,5157949,AProVE,20177,certified,302125,complete,3.184878322,1.59395480156,1.78794496E8,NO,CERTIFIED,0.0,2388
381918855,S-TRS Outermost certified-2018-07-14 11:00:02.1536 UTC/TRS_Outermost/Strategy_outermost_added_08/Ex1_Luc04b_FR.xml,5157950,AProVE,20177,certified,302125,complete,351.050046495,292.466422081,1.1931533312E10,MAYBE,-,-,-
381918856,S-TRS Outermost certified-2018-07-14 11:00:02.1536 UTC/TRS_Outermost/Strategy_outermost_added_08/append-wrong.xml,5157951,AProVE,20177,certified,302125,complete,359.091715092,291.558759928,1.301202944E10,MAYBE,-,-,-
381918857,S-TRS Outermost certified-2018-07-14 11:00:02.1536 UTC/TRS_Outermost/Strategy_outermost_added_08/#4.3.xml,5157952,AProVE,20177,certified,302125,complete,3.179847912,1.51342487335,1.98336512E8,NO,CERTIFIED,0.0,2895
381918858,S-TRS Outermost certified-2018-07-14 11:00:02.1536 UTC/TRS_Outermost/Strategy_outermost_added_08/ttt2.xml,5157953,AProVE,20177,certified,302125,complete,3.215111848,1.59596514702,1.77217536E8,NO,CERTIFIED,0.0,2458
381918859,S-TRS Outermost certified-2018-07-14 11:00:02.1536 UTC/TRS_Outermost/Strategy_outermost_added_08/Ex1_GM03_L.xml,5157954,AProVE,20177,certified,302125,complete,3.167967172,1.54682302475,1.9736576E8,NO,CERTIFIED,0.0,2712
381918860,S-TRS Outermost certified-2018-07-14 11:00:02.1536 UTC/TRS_Outermost/Strategy_outermost_added_08/Ex5_DLMMU04_L.xml,5157955,AProVE,20177,certified,302125,complete,3.106397149,1.59248304367,1.773568E8,NO,CERTIFIED,0.0,3491
381918861,S-TRS Outermost certified-2018-07-14 11:00:02.1536 UTC/TRS_Outermost/Strategy_outermost_added_08/Ex4_DLMMU04_Z.xml,5157956,AProVE,20177,certified,302125,complete,7.026338365,2.85811305046,8.88348672E8,NO,CERTIFIED,0.0,11063
381918862,S-TRS Outermost certified-2018-07-14 11:00:02.1536 UTC/TRS_Outermost/Strategy_outermost_added_08/Ex4_7_56_Bor03_L.xml,5157957,AProVE,20177,certified,302125,complete,3.129009229,1.51362299919,1.98909952E8,NO,CERTIFIED,0.0,2365
381918863,S-TRS Outermost certified-2018-07-14 11:00:02.1536 UTC/TRS_Outermost/Strategy_outermost_added_08/Ex5_DLMMU04_Z.xml,5157958,AProVE,20177,certified,302125,complete,653.841760416,294.798917055,1.5650811904E10,MAYBE,-,-,-
381918864,S-TRS Outermost certified-2018-07-14 11:00:02.1536 UTC/TRS_Outermost/Strategy_outermost_added_08/Ex4_4_Luc96b_FR.xml,5157959,AProVE,20177,certified,302125,complete,360.364366224,291.475447178,1.2775428096E10,MAYBE,-,-,-
381918865,S-TRS Outermost certified-2018-07-14 11:00:02.1536 UTC/TRS_Outermost/Strategy_outermost_added_08/LISTUTILITIES_complete-noand_L.xml,5157960,AProVE,20177,certified,302125,complete,3.613763736,1.75427317619,1.84991744E8,NO,CERTIFIED,0.0,28736
381918866,S-TRS Outermost certified-2018-07-14 11:00:02.1536 UTC/TRS_Outermost/Strategy_outermost_added_08/Ex5_Zan97.xml,5157961,AProVE,20177,certified,302125,complete,293.277385939,291.448405027,2.07085568E8,MAYBE,-,-,-
381918867,S-TRS Outermost certified-2018-07-14 11:00:02.1536 UTC/TRS_Outermost/Strategy_outermost_added_08/n004.xml,5157962,AProVE,20177,certified,302125,complete,3.222359707,1.60444498062,1.78688E8,NO,CERTIFIED,0.0,1520
381918868,S-TRS Outermost certified-2018-07-14 11:00:02.1536 UTC/TRS_Outermost/Strategy_outermost_added_08/ExIntrod_GM99_Z.xml,5157963,AProVE,20177,certified,302125,timeout (wallclock),526.638527246,301.007932901,1.5309037568E10,MAYBE,-,-,-
381918869,S-TRS Outermost certified-2018-07-14 11:00:02.1536 UTC/TRS_Outermost/Strategy_outermost_added_08/Ex4_7_15_Bor03.xml,5157964,AProVE,20177,certified,302125,complete,3.20981403,1.51586198807,1.99733248E8,NO,CERTIFIED,0.0,3379
381918870,S-TRS Outermost certified-2018-07-14 11:00:02.1536 UTC/TRS_Outermost/Strategy_outermost_added_08/MYNAT_nokinds-noand_L.xml,5157965,AProVE,20177,certified,302125,complete,2.96237115,1.52086400986,1.94711552E8,NO,CERTIFIED,0.0,4671
381918871,S-TRS Outermost certified-2018-07-14 11:00:02.1536 UTC/TRS_Outermost/Strategy_outermost_added_08/ExIntrod_Zan97_Z.xml,5157966,AProVE,20177,certified,302125,complete,3.21585219,1.61595201492,1.77639424E8,NO,CERTIFIED,0.0,5431
381918872,S-TRS Outermost certified-2018-07-14 11:00:02.1536 UTC/TRS_Outermost/Strategy_outermost_added_08/4.40.xml,5157967,AProVE,20177,certified,302125,complete,5.426580798,2.21996593475,4.785152E8,NO,CERTIFIED,0.0,11531
381918873,S-TRS Outermost certified-2018-07-14 11:00:02.1536 UTC/TRS_Outermost/Strategy_outermost_added_08/test76.xml,5157968,AProVE,20177,certified,302125,complete,7.108168305,2.79376792908,7.3771008E8,NO,CERTIFIED,0.0,6785
381918874,S-TRS Outermost certified-2018-07-14 11:00:02.1536 UTC/TRS_Outermost/Strategy_outermost_added_08/termMonTypes.xml,5157969,AProVE,20177,certified,302125,complete,3.137118862,1.52425098419,1.94187264E8,NO,CERTIFIED,0.0,4145
381918875,S-TRS Outermost certified-2018-07-14 11:00:02.1536 UTC/TRS_Outermost/Strategy_outermost_added_08/LISTUTILITIES_nokinds-noand_L.xml,5157970,AProVE,20177,certified,302125,complete,3.317122673,1.59520792961,2.06168064E8,NO,CERTIFIED,0.0,12795
381918876,S-TRS Outermost certified-2018-07-14 11:00:02.1536 UTC/TRS_Outermost/Strategy_outermost_added_08/Ex14_AEGL02_FR.xml,5157971,AProVE,20177,certified,302125,complete,358.165837296,291.486927986,1.309200384E10,MAYBE,-,-,-
381918877,S-TRS Outermost certified-2018-07-14 11:00:02.1536 UTC/TRS_Outermost/Strategy_outermost_added_08/n008.xml,5157972,AProVE,20177,certified,302125,complete,2.839435502,1.47536206245,1.9103744E8,NO,CERTIFIED,0.0,1617
381918878,S-TRS Outermost certified-2018-07-14 11:00:02.1536 UTC/TRS_Outermost/Strategy_outermost_added_08/MYNAT_nosorts_L.xml,5157973,AProVE,20177,certified,302125,complete,2.854144253,1.499573946,1.94363392E8,NO,CERTIFIED,0.0,2296
381918879,S-TRS Outermost certified-2018-07-14 11:00:02.1536 UTC/TRS_Outermost/Strategy_outermost_added_08/ExSec4_2_DLMMU04_L.xml,5157974,AProVE,20177,certified,302125,complete,3.056274395,1.54253292084,1.97648384E8,NO,CERTIFIED,0.0,4327
381918880,S-TRS Outermost certified-2018-07-14 11:00:02.1536 UTC/TRS_Outermost/Strategy_outermost_added_08/Ex49_GM04_L.xml,5157975,AProVE,20177,certified,302125,complete,2.857294234,1.58708286285,1.74563328E8,NO,CERTIFIED,0.0,2401
381918881,S-TRS Outermost certified-2018-07-14 11:00:02.1536 UTC/TRS_Outermost/Strategy_outermost_added_08/Ex4_DLMMU04_FR.xml,5157976,AProVE,20177,certified,302125,complete,7.289565268,2.814412117,9.73717504E8,NO,CERTIFIED,0.0,11308
381918882,S-TRS Outermost certified-2018-07-14 11:00:02.1536 UTC/TRS_Outermost/Strategy_outermost_added_08/Ex1_Luc02b.xml,5157977,AProVE,20177,certified,302125,complete,3.261951751,1.52234101295,2.00261632E8,NO,CERTIFIED,0.0,2997
381918883,S-TRS Outermost certified-2018-07-14 11:00:02.1536 UTC/TRS_Outermost/Strategy_outermost_added_08/LengthOfFiniteLists_complete_L.xml,5157978,AProVE,20177,certified,302125,complete,3.093836035,1.52740001678,1.97050368E8,NO,CERTIFIED,0.0,6383
381918884,S-TRS Outermost certified-2018-07-14 11:00:02.1536 UTC/TRS_Outermost/Strategy_outermost_added_08/LengthOfFiniteLists_nokinds-noand_L.xml,5157979,AProVE,20177,certified,302125,complete,3.213282801,1.61003613472,1.78077696E8,NO,CERTIFIED,0.0,4684
381918885,S-TRS Outermost certified-2018-07-14 11:00:02.1536 UTC/TRS_Outermost/Strategy_outermost_added_08/LengthOfFiniteLists_nokinds-noand_Z.xml,5157980,AProVE,20177,certified,302125,complete,510.437131863,293.671965122,1.5301115904E10,MAYBE,-,-,-
381918886,S-TRS Outermost certified-2018-07-14 11:00:02.1536 UTC/TRS_Outermost/Strategy_outermost_added_08/LISTUTILITIES_nokinds_L.xml,5157981,AProVE,20177,certified,302125,complete,3.216887325,1.60459804535,1.99012352E8,NO,CERTIFIED,0.0,7964
381918887,S-TRS Outermost certified-2018-07-14 11:00:02.1536 UTC/TRS_Outermost/Strategy_outermost_added_08/OvConsOS_nosorts-noand_FR.xml,5157982,AProVE,20177,certified,302125,complete,9.632978992,5.016726017,2.768470016E9,NO,CERTIFIED,0.0,8967
381918888,S-TRS Outermost certified-2018-07-14 11:00:02.1536 UTC/TRS_Outermost/Strategy_outermost_added_08/ExIntrod_GM04_L.xml,5157983,AProVE,20177,certified,302125,complete,3.185014435,1.50292491913,1.95702784E8,NO,CERTIFIED,0.0,2130
381918889,S-TRS Outermost certified-2018-07-14 11:00:02.1536 UTC/TRS_Outermost/Strategy_outermost_added_08/Ex5_DLMMU04_FR.xml,5157984,AProVE,20177,certified,302125,timeout (wallclock),682.234586362,301.007703066,1.5649644544E10,MAYBE,-,-,-
381918890,S-TRS Outermost certified-2018-07-14 11:00:02.1536 UTC/TRS_Outermost/Strategy_outermost_added_08/jwno1.xml,5157985,AProVE,20177,certified,302125,complete,3.209239918,1.52705693245,1.97984256E8,NO,CERTIFIED,0.0,7428
381918891,S-TRS Outermost certified-2018-07-14 11:00:02.1536 UTC/TRS_Outermost/Strategy_outermost_added_08/OvConsOS_nokinds-noand_L.xml,5157986,AProVE,20177,certified,302125,complete,3.009059622,1.52583384514,1.97107712E8,NO,CERTIFIED,0.0,6372
381918892,S-TRS Outermost certified-2018-07-14 11:00:02.1536 UTC/TRS_Outermost/Strategy_outermost_added_08/#4.2.xml,5157987,AProVE,20177,certified,302125,run script error,0.0,0.0,0.0,--,-,-,-
381918893,S-TRS Outermost certified-2018-07-14 11:00:02.1536 UTC/TRS_Outermost/Strategy_outermost_added_08/ExIntrod_GM04_FR.xml,5157988,AProVE,20177,certified,302125,complete,358.140197989,291.495066166,1.2849864704E10,MAYBE,-,-,-
381918894,S-TRS Outermost certified-2018-07-14 11:00:02.1536 UTC/TRS_Outermost/Strategy_outermost_added_08/Ex1_2_Luc02c.xml,5157989,AProVE,20177,certified,302125,complete,3.054013762,1.50996899605,1.96775936E8,NO,CERTIFIED,0.0,2177
381918895,S-TRS Outermost certified-2018-07-14 11:00:02.1536 UTC/TRS_Outermost/Strategy_outermost_added_08/#4.12a.xml,5157990,AProVE,20177,certified,302125,complete,3.216689146,1.55034899712,1.97804032E8,NO,CERTIFIED,0.0,4307
381918896,S-TRS Outermost certified-2018-07-14 11:00:02.1536 UTC/TRS_Outermost/Strategy_outermost_added_08/Ex4_7_37_Bor03.xml,5157991,AProVE,20177,certified,302125,complete,3.292275161,1.61929392815,1.78225152E8,NO,CERTIFIED,0.0,4362
381918897,S-TRS Outermost certified-2018-07-14 11:00:02.1536 UTC/TRS_Outermost/Strategy_outermost_added_08/Ex1_2_AEL03_L.xml,5157992,AProVE,20177,certified,302125,complete,3.127167283,1.55439782143,1.9869696E8,NO,CERTIFIED,0.0,5089
381918898,S-TRS Outermost certified-2018-07-14 11:00:02.1536 UTC/TRS_Outermost/Strategy_outermost_added_08/ExIntrod_Zan97.xml,5157993,AProVE,20177,certified,302125,complete,3.135838932,1.51206207275,1.98807552E8,NO,CERTIFIED,0.0,4407
381918899,S-TRS Outermost certified-2018-07-14 11:00:02.1536 UTC/TRS_Outermost/Strategy_outermost_added_08/#4.7.xml,5157994,AProVE,20177,certified,302125,complete,3.179455947,1.52393198013,1.99241728E8,NO,CERTIFIED,0.0,2924
381918900,S-TRS Outermost certified-2018-07-14 11:00:02.1536 UTC/TRS_Outermost/Strategy_outermost_added_08/MYNAT_nokinds_L.xml,5157995,AProVE,20177,certified,302125,complete,3.404323417,1.61377000809,1.81710848E8,NO,CERTIFIED,0.0,3500
381918901,S-TRS Outermost certified-2018-07-14 11:00:02.1536 UTC/TRS_Outermost/Strategy_outermost_added_08/Ex1_2_AEL03.xml,5157996,AProVE,20177,certified,302125,run script error,0.0,0.0,0.0,--,-,-,-
381918902,S-TRS Outermost certified-2018-07-14 11:00:02.1536 UTC/TRS_Outermost/Strategy_outermost_added_08/cime4.xml,5157997,AProVE,20177,certified,302125,complete,3.269689814,1.54540395737,1.98619136E8,NO,CERTIFIED,0.0,7055
